649a5e325afb3e4d6886fb8f,Hello RTKk,<p>try</p>,1688380585510_487738088,General Tips,published,,Tue Jun 27 2023 11:57:38 GMT+0800 (China Standard Time),Tue Jul 04 2023 23:58:30 GMT+0800 (China Standard Time),4
649a61ba5afb3e4d6886fbb0,ZAWAAARUDDOOOO,<p>MASDIYAISD</p>,1687839161373_148868569.png,General Tips,published,,Tue Jun 27 2023 12:12:42 GMT+0800 (China Standard Time),Tue Jul 04 2023 23:58:30 GMT+0800 (China Standard Time),2
649a62dc5afb3e4d6886fbb6,Try add transformResponse,<p>asdasd</p>,1687839452813_394417281.png,General Tips,published,,Tue Jun 27 2023 12:17:32 GMT+0800 (China Standard Time),Tue Jul 04 2023 23:58:30 GMT+0800 (China Standard Time),1
649a67ca5afb3e4d6886fbbc,mongo test,<p>asdasd</p>,1687877631227_79573395,General Tips,published,,Tue Jun 27 2023 12:38:34 GMT+0800 (China Standard Time),Tue Jul 04 2023 23:58:30 GMT+0800 (China Standard Time),1
649a6fca5afb3e4d6886fbca,asdasd,<p>asdasd</p>,1687842761043_979747310.png,General Tips,published,,Tue Jun 27 2023 13:12:42 GMT+0800 (China Standard Time),Tue Jul 04 2023 23:58:30 GMT+0800 (China Standard Time),1
649a70cf5afb3e4d6886fbcf,asdasd,<p>asdddsdsdsada</p>,1687843022368_342079579.png,General Tips,published,,Tue Jun 27 2023 13:17:03 GMT+0800 (China Standard Time),Tue Jul 04 2023 23:58:30 GMT+0800 (China Standard Time),1
649aaca95afb3e4d6886fbe4,Try res,<p>asd</p>,1687858345503_236907908.png,Heat Safety,published,,Tue Jun 27 2023 17:32:25 GMT+0800 (China Standard Time),Tue Jul 04 2023 23:58:30 GMT+0800 (China Standard Time),1
649af7cbdd58da3e4a32e2b7,Cloud Mongo Test,<p>Cloud Mongo Test</p>,1687877576880_139539974.png,Preparedness,published,,Tue Jun 27 2023 22:52:59 GMT+0800 (China Standard Time),Tue Jul 04 2023 23:58:30 GMT+0800 (China Standard Time),1
649af8289ab974d3d7b6319e,test,<p>tests</p>,1687877671539_135774659.png,General Tips,published,,Tue Jun 27 2023 22:54:33 GMT+0800 (China Standard Time),Tue Jul 04 2023 23:58:30 GMT+0800 (China Standard Time),1
649c3114ac04cc2bb3be6c4b,Test cloudinary pic,<p>Hellooo!</p>,1687957778799_43099849.png,General Tips,published,,Wed Jun 28 2023 21:09:40 GMT+0800 (China Standard Time),Tue Jul 04 2023 23:58:30 GMT+0800 (China Standard Time),1
649c332507b179cedb723fc5,Test cloudinary again,<p>asdasd</p>,1687958306956_898188591.png,General Tips,published,,Wed Jun 28 2023 21:18:29 GMT+0800 (China Standard Time),Tue Jul 04 2023 23:58:30 GMT+0800 (China Standard Time),1
649c33be07b179cedb723fc9,navigate test,<p>asda</p>,1687958460136_650772952.png,General Tips,published,,Wed Jun 28 2023 21:21:02 GMT+0800 (China Standard Time),Tue Jul 04 2023 23:58:30 GMT+0800 (China Standard Time),1
649c34a507b179cedb723fcc,testtt,<p>asdasd</p>,1687958691430_905201273.png,General Tips,published,,Wed Jun 28 2023 21:24:53 GMT+0800 (China Standard Time),Tue Jul 04 2023 23:58:30 GMT+0800 (China Standard Time),1
649c34e507b179cedb723fd0,asdasd,<p>asdasd</p>,1687958755546_640656340.png,General Tips,published,,Wed Jun 28 2023 21:25:57 GMT+0800 (China Standard Time),Tue Jul 04 2023 23:58:30 GMT+0800 (China Standard Time),1
649c351607b179cedb723fd3,test adddd,<p>tryy</p>,1687958804623_566612819.png,General Tips,published,,Wed Jun 28 2023 21:26:46 GMT+0800 (China Standard Time),Tue Jul 04 2023 23:58:30 GMT+0800 (China Standard Time),1
649c35cc07b179cedb723fd6,add try again,<p>asdsad</p>,1687958985198_65930980.png,General Tips,published,,Wed Jun 28 2023 21:29:48 GMT+0800 (China Standard Time),Tue Jul 04 2023 23:58:30 GMT+0800 (China Standard Time),1
649c35f807b179cedb723fe5,add again navigate,<p>asdasd</p>,1687959030415_6640136.png,General Tips,published,,Wed Jun 28 2023 21:30:32 GMT+0800 (China Standard Time),Tue Jul 04 2023 23:58:30 GMT+0800 (China Standard Time),1
649c378407b179cedb723feb,asdasd,<p>asdasd</p>,1687959426096_264062443.png,General Tips,published,,Wed Jun 28 2023 21:37:08 GMT+0800 (China Standard Time),Tue Jul 04 2023 23:58:30 GMT+0800 (China Standard Time),1
649c380707b179cedb723fef,asd1we,<p>asd</p>,1687959556967_145245600.png,General Tips,published,,Wed Jun 28 2023 21:39:19 GMT+0800 (China Standard Time),Tue Jul 04 2023 23:58:30 GMT+0800 (China Standard Time),1
649c38bb07b179cedb723ff1,Try navigate,<p>asdads</p>,1687959737527_309990664.png,General Tips,published,,Wed Jun 28 2023 21:42:19 GMT+0800 (China Standard Time),Tue Jul 04 2023 23:58:30 GMT+0800 (China Standard Time),1
649c390307b179cedb723ff6,try navigate 2,<p>assssaasdasdasdasd</p>,1687959809991_380451208.png,General Tips,published,,Wed Jun 28 2023 21:43:31 GMT+0800 (China Standard Time),Tue Jul 04 2023 23:58:30 GMT+0800 (China Standard Time),1
64a171b120209b1dc0991f38,sdf,<p>dffs</p>,1688302000230_843953855.jpg,General Tips,published,,Sun Jul 02 2023 20:46:41 GMT+0800 (China Standard Time),Tue Jul 04 2023 23:58:30 GMT+0800 (China Standard Time),1
64a2ac89bda3260ab0b0774a,test,<p>test</p>,1688382598683_799834956.jpg,General Tips,published,,Mon Jul 03 2023 19:10:01 GMT+0800 (China Standard Time),Tue Jul 04 2023 23:58:30 GMT+0800 (China Standard Time),1
